"keys","en","tr"
"d1.home.hoca.001","Yes, yes. The deputy eats first. House rule.","Tamam, tamam. Önce vekil yer. Ev kuralı."
"d1.home.hoca.002","My father kept this dish clean for thirty years.","Babam bu çanağı otuz yıl tertemiz tuttu."
"d1.home.hoca.003","He never once looked through it.","Bir kere bile içinden bakmadı."
"d1.home.radio.001","...resurfacing of the Sarptepe road will continue through the month, weather permitting...","...Sarptepe yolunun yenileme çalışmaları, hava koşulları elverdiği sürece bu ay boyunca devam edecek..."
"d1.home.radio.002","...drivers are asked to be patient with the machines, and with each other...","...sürücülerden hem iş makinelerine hem birbirlerine karşı sabırlı olmaları rica ediliyor..."
"d1.home.yildiz.001","Mrrp. (A tribute is expected.)","Mırrp. (Bir haraç bekleniyor.)"
"d1.obs.choice.001","RE-PRINT","YENİDEN YAZDIR"
"d1.obs.choice.002","COMPARE","KARŞILAŞTIR"
"d1.obs.choice.003","SAY NOTHING","HİÇBİR ŞEY SÖYLEME"
"d1.obs.ebru.001","Evening, Hocam. Don't touch my printout piles. They look like chaos. They're stratigraphy.","İyi akşamlar Hocam. Çıktı yığınlarıma dokunma. Karmaşa gibi görünüyor ama stratigrafi onlar."
"d1.obs.hoca.001","Good data tonight, then.","Bu gece veri iyiymiş, demek."
"d1.obs.hoca.002","Understood. I'll disturb nothing and be blamed anyway.","Anlaşıldı. Hiçbir şeye dokunmayacağım, yine de suçlanacağım."
"d1.obs.hoca.003","There you are. Right where the catalog says. Good pulsar.","İşte buradasın. Tam katalogun dediği yerde. İyi bir pulsar."
"d1.obs.hoca.004","Shelving duty. The glamour of modern astronomy.","Rafa kaldırma nöbeti. Modern astronominin ihtişamı."
"d1.obs.hoca.005","Last week's batch. Print, stamp, shelf. Print, stamp—","Geçen haftanın yığını. Yazdır, damgala, rafla. Yazdır, damgala—"
"d1.obs.hoca.006","...Hm.","...Hm."
"d1.obs.hoca.007","Narrowband. Drifting. Sitting in the batch like a hair in a photograph.","Dar bant. Kayıyor. Yığının içinde, fotoğraftaki bir saç teli gibi oturuyor."
"d1.obs.hoca.008","The date stamp. This printed on Tuesday. While everyone slept.","Tarih damgası. Bu, salı günü basılmış. Herkes uyurken."
"d1.obs.hoca.009","It arrived Tuesday. It's Friday. We heard it days after it spoke.","Salı günü ulaştı. Bugün cuma. Onu, o konuştuktan günler sonra duyduk."
"d1.obs.hoca.010","Again. Print it again. ...Same trace. Same drift. Not a smudge, then.","Yine. Yeniden yazdır. ...Aynı iz. Aynı kayma. Demek leke değilmiş."
"d1.obs.hoca.011","Tuesday's batch. Wednesday's. ...It's in both. It's patient.","Salının yığını. Çarşambanınki. ...İkisinde de var. Sabırlı bu."
"d1.obs.hoca.012","...Not yet. Not until I know what I'd be saying.","...Henüz değil. Ne söyleyeceğimi bilene kadar değil."
"d1.obs.hoca.013","Into the pocket. Just for tonight.","Cebe. Sadece bu geceliğine."
"d1.obs.metin.001","Hm-hm-hmm... hm-hm...","Hm-hm-hmm... hm-hm..."
"d1.obs.metin.002","Hm-hmmm.","Hm-hmmm."
"d1.obs.sys.001","OBSERVER: _","GÖZLEMCİ: _"
"d1.obs.sys.002","LOGGED. WELCOME TO THE NIGHT SHIFT.","KAYDA GEÇTİ. GECE VARDİYASINA HOŞ GELDİN."
"d1.obs.sys.003","CALIBRATION TASK — PSR B0329+54. ALIGN THE DRIFT. TAKE YOUR TIME.","KALİBRASYON GÖREVİ — PSR B0329+54. KAYMAYI HİZALA. VAKTİNİ AL."
"d1.obs.sys.004","ARCHIVE — LAST WEEK'S BATCH. 214 PAGES. SHELVE ME.","ARŞİV — GEÇEN HAFTANIN YIĞINI. 214 SAYFA. BENİ RAFLA."
"d1.obs.sys.005","1421.6 MHz. DRIFT: -0.11 Hz/s. BEAM 2.","1421.6 MHz. KAYMA: -0.11 Hz/s. HUZME 2."
"d1.obs.tezcan.001","Deniz. The batch archive — shelved by morning, please. Grant people love a tidy shelf.","Deniz. Yığın arşivi — sabaha kadar raflanmış olsun, lütfen. Fon verenler düzenli rafı sever."
"d1.road.hoca.001","You made the rule, İsmet.","Kuralı sen koydun, İsmet."
"d1.road.ismet.001","Front seat, Hoca. Night-shift men sit up front. You know the rule.","Ön koltuk, Hoca. Gece vardiyasının adamları öne oturur. Kuralı bilirsin."
"d1.road.ismet.002","And it's a good one. Look at her shrink. Look at the dish grow.","Hem de iyi bir kural. Bak, kasaba küçülüyor. Bak, çanak büyüyor."
"d1.town.choice.001","The sky is full of last words.","Gökyüzü son sözlerle dolu."
"d1.town.choice.002","Not for a thousand years.","Bin yıl geçmeden olmaz."
"d1.town.choice.003","ASK ABOUT THE CHAIR","SANDALYEYİ SOR"
"d1.town.choice.004","DRINK YOUR TEA","ÇAYINI İÇ"
"d1.town.elif.001","Hoca! Hoca, wait! One question. It's important. It's for the notebook.","Hoca! Hoca, dur! Bir soru. Önemli. Defterim için."
"d1.town.elif.002","If a star died right now — this second — would we know?","Bir yıldız şimdi ölse — bu saniye — bilir miydik?"
"d1.town.elif.003","Full... of... last... words. That's the best one yet.","Son... sözlerle... dolu. Şimdiye kadarki en iyisi bu."
"d1.town.elif.004","Old... news. So looking up is reading history.","Eski... haber. Demek yukarı bakmak, tarih okumakmış."
"d1.town.elif.005","Written down. Verbatim. You can't take it back now, Hoca.","Yazdım. Kelimesi kelimesine. Artık geri alamazsın, Hoca."
"d1.town.fadime.001","There he is. The end-piece is yours, Hoca. I fought two customers for it.","İşte geldi. Uç dilim senin, Hoca. Onun için iki müşteriyle kapıştım."
"d1.town.fadime.002","Someone has to. Eat it while it's warm.","Birinin yapması lazım. Sıcakken ye."
"d1.town.hoca.001","You spoil me, Fadime Hanım.","Beni şımartıyorsun, Fadime Hanım."
"d1.town.hoca.002","One day I will surprise you, Musa.","Bir gün seni şaşırtacağım, Musa."
"d1.town.hoca.003","Tonight, Şükrü Bey. The sky doesn't keep my hours.","Bu gece, Şükrü Bey. Gökyüzü benim saatlerime uymuyor."
"d1.town.hoca.004","We wouldn't. Light takes its time. The sky is full of last words, still arriving.","Bilemezdik. Işık zaman alır. Gökyüzü son sözlerle dolu; hâlâ yolda olan sözlerle."
"d1.town.hoca.005","No. Not for a thousand years. Tonight's sky is old news, Elif. All of it.","Hayır. Bin yıl geçmeden olmaz. Bu geceki gökyüzü eski haber, Elif. Tamamı."
"d1.town.hoca.006","You're a dangerous man, Kadir.","Tehlikeli bir adamsın, Kadir."
"d1.town.hoca.007","Kadir. The wall table. When did you get a fourth chair?","Kadir. Duvar kenarındaki masa. Dördüncü sandalyeyi ne zaman aldın?"
"d1.town.hoca.008","There you are. All of you. Accounted for.","İşte buradasınız. Hepiniz. Eksiksiz."
"d1.town.kadir.001","Weak, one sugar. I started pouring when I saw your hat.","Açık, bir şeker. Şapkanı görünce koymaya başladım bile."
"d1.town.kadir.002","Not mine. Thought it was yours.","Benim değil. Seninkidir sandım."
"d1.town.kadir.003","Been there since Tuesday. Nobody moves it. It's a good chair.","Salıdan beri orada. Kimse yerinden oynatmıyor. İyi bir sandalye."
"d1.town.kadir.004","Drink. The second glass is already warming.","İç. İkinci bardak şimdiden ısınıyor."
"d1.town.musa.001","Cat food and red lentils. I know, I know. Bread's next door.","Kedi maması ve kırmızı mercimek. Biliyorum, biliyorum. Ekmek yan kapıda."
"d1.town.sukru.001","Sit. Lose gracefully. It's good for the humility.","Otur. Zarifçe kaybet. Alçakgönüllülüğe iyi gelir."
"d1.town.sys.001","SAVED. OBSERVER LOG. DAY 1.","KAYDEDİLDİ. GÖZLEMCİ KAYDI. GÜN 1."
"d2.home.hoca.001","...Same story as yesterday. Word for word.","...Dünkünün aynısı. Kelimesi kelimesine."
"d2.home.hoca.002","Slow week, apparently. Even for road news.","Durgun bir hafta, galiba. Yol haberleri için bile."
"d2.home.radio.001","...resurfacing of the Sarptepe road will continue through the month, weather permitting...","...Sarptepe yolundaki kaplama yenileme çalışması, hava koşulları uygun olursa bu ay boyunca sürecek..."
"d2.home.radio.002","...drivers are asked to be patient with the machines, and with each other...","...sürücülerden hem makinelere hem birbirlerine karşı sabırlı olmaları isteniyor..."
"d2.home.yildiz.001","Mrr.","Mırr."
"d2.obs.choice.001","CHECK THE FINDER SCOPE","BULUCU DÜRBÜNÜ KONTROL ET"
"d2.obs.choice.002","KEEP WORKING","ÇALIŞMAYA DEVAM ET"
"d2.obs.choice.003","ASK METİN","METİN'E SOR"
"d2.obs.choice.004","LET IT BE","KENDİ HÂLİNE BIRAK"
"d2.obs.ebru.001","You're early. Daylight early. Should I be worried or flattered?","Erkencisin. Güpegündüz erken. Endişelenmeli miyim, gururlanmalı mıyım?"
"d2.obs.ebru.002","In both polarizations, as the sky drifts through. Basic. If it's real sky, it can't hide in one horn.","Gök kaydıkça, iki polarizasyonda da. Temel mantık. Gerçek gökse tek boynuzda saklanamaz."
"d2.obs.ebru.003","Beam two. Only beam two. Even when the pointing changes. ALWAYS beam two.","Huzme iki. Sadece huzme iki. Yönelme değişse bile. HER ZAMAN huzme iki."
"d2.obs.ebru.004","That's not a source, Hocam. That's a wire fault with taste.","Bu bir kaynak değil, Hocam. Bu, zevk sahibi bir kablo arızası."
"d2.obs.hoca.001","The sanity check. Now, while it's quiet. A fixed source has to show in all three beams.","Mantık kontrolü. Şimdi, ortalık sakinken. Sabit bir kaynak üç huzmenin üçünde de görünmek zorunda."
"d2.obs.hoca.002","That's not possible for anything that lives in the sky.","Gökyüzünde yaşayan hiçbir şey için bu mümkün değil."
"d2.obs.hoca.003","Veli's eastern star... there. A point of light. Not in the catalog.","Veli'nin doğu yıldızı... işte orada. Bir ışık noktası. Katalogda yok."
"d2.obs.hoca.004","Not moving, either. Noted. Filed under 'later'.","Kımıldamıyor da. Not edildi. 'Sonra' diye dosyalandı."
"d2.obs.hoca.005","...Understood, Director.","...Anlaşıldı, Müdürüm."
"d2.obs.hoca.006","Metin stopped humming. The printout came out, and he just... stopped.","Metin mırıldanmayı bıraktı. Çıktı geldi, o da öylece... durdu."
"d2.obs.hoca.007","Metin. You went quiet. The data's still good, isn't it?","Metin. Sessizleştin. Veri hâlâ iyi, değil mi?"
"d2.obs.hoca.008","Again. Same interval. You could set a clock by it.","Yine. Aynı aralık. Saatini ona göre kurabilirsin."
"d2.obs.hoca.009","...Why would the console even offer that.","...Konsol bunu neden teklif etsin ki."
"d2.obs.metin.001","...Low pressure coming. I feel it in the racks. Goodnight, Deniz Bey.","...Alçak basınç geliyor. Raflarda hissediyorum. İyi geceler, Deniz Bey."
"d2.obs.sys.001","BEAM SCAN — CANDIDATE T1. PAN BEAMS 1 THROUGH 3.","HUZME TARAMASI — ADAY T1. 1'DEN 3'E HUZMELERİ TARA."
"d2.obs.sys.002","23:40. LIVE FEED. BEAM 2.","23:40. CANLI YAYIN. BEAM 2."
"d2.obs.sys.003","NEW VERB: ANSWER — UNAVAILABLE.","YENİ FİİL: YANITLA — KULLANILAMIYOR."
"d2.obs.tezcan.001","Equipment fault, Deniz. The dish is old. Old things sing.","Ekipman arızası, Deniz. Çanak yaşlı. Yaşlı şeyler şarkı söyler."
"d2.obs.tezcan.002","Grant renewal is next month. I need working astronomers, not prophets.","Hibe yenilemesi gelecek ay. Bana çalışan gökbilimciler lazım, kâhinler değil."
"d2.obs.tezcan.003","Don't hang a career on a broken feed horn. I watched better men do it.","Bozuk bir besleme boynuzuna kariyer asma. Senden iyilerinin bunu yaptığını gördüm."
"d2.road.hoca.001","The town has a long arm.","Kasabanın kolu uzun."
"d2.road.hoca.002","Stars don't do that, Veli.","Yıldızlar bunu yapmaz, Veli."
"d2.road.ismet.001","From Kadir. Well — from Zeliha, which is why it's the good lokum. He says you skipped tea.","Kadir'den. Yani — Zeliha'dan, o yüzden lokum bu kadar iyi. Çayı ektin, diyor."
"d2.road.veli.001","Hoca. The eastern star moved last night. A fingerwidth. Then it felt me looking, and it stopped.","Hoca. Doğu yıldızı dün gece kıpırdadı. Bir parmak genişliği kadar. Sonra baktığımı hissetti, durdu."
"d2.road.veli.002","I know what stars do. I watch them more than you. Just without the paperwork.","Yıldızların ne yaptığını bilirim. Onları senden çok izlerim. Sadece kâğıt işi olmadan."
"d2.town.fadime.001","You didn't look at the bread, Hoca.","Ekmeğe bakmadın, Hoca."
"d2.town.fadime.002","You looked at where it was. Different thing. Go on, then.","Onun yerine baktın. Başka şey o. Hadi, git işte."
"d2.town.hoca.001","What? I looked.","Ne? Baktım ya."
"d2.town.hoca.002","Tomorrow, Şükrü Bey. I'm... mid-sentence with something.","Yarın, Şükrü Bey. Bir şeyin... tam ortasındayım."
"d2.town.sukru.001","No game today either? The board remembers, Deniz.","Bugün de mi yok oyun? Tahta unutmaz, Deniz."
"d3.home.hoca.001","Kettle's on. Radio's on. Deputy — breakfast.","Çaydanlık ocakta. Radyo açık. Vekil — kahvaltı."
"d3.home.hoca.002","The kitchen is fine, madam. The radio offends you personally?","Mutfakta bir terslik yok, madam. Radyo seni şahsen mi gücendiriyor?"
"d3.home.hoca.003","Noted for the record: cat versus radio. Radio's winning.","Not düşüldü: kedi radyoya karşı. Şu an radyo önde."
"d3.home.yildiz.001","Mrrrl. (She stops at the kitchen doorway and will not cross it.)","Mırrl. (Mutfak kapısında durur, eşiği geçmez.)"
"d3.obs.choice.001","SEND NOW","ŞİMDİ GÖNDER"
"d3.obs.choice.002","SLEEP ON IT","SABAHA BIRAK"
"d3.obs.ebru.001","Clipboard. Real paper. If we kill this thing, we kill it by the book.","Pano. Gerçek kağıt. Bu şeyi öldüreceksek, usulüne uygun öldürürüz."
"d3.obs.ebru.002","Drift is consistent with a body in solar orbit. Not a tower. Not a satellite. Not us.","Kayma, güneş yörüngesindeki bir cisimle uyumlu. Kule değil. Uydu değil. Biz değil."
"d3.obs.ebru.003","I hate that. I want it on the record that I hate that.","Bundan nefret ediyorum. Kayıtlara geçsin: bundan nefret ediyorum."
"d3.obs.ebru.004","Three matches. The archive batch has three RFI matches. Hocam... this is how candidates die.","Üç eşleşme. Arşiv grubunda üç RFI eşleşmesi var. Hocam... adaylar böyle ölür."
"d3.obs.ebru.005","Twelve forty. Thirteen ten. Twelve fifty-five... Wait. Those are lunch hours.","On iki kırk. On üç on. On iki elli beş... Dur. Bunlar öğle yemeği saatleri."
"d3.obs.ebru.006","My soup. This is about my soup, isn't it.","Çorbam. Bütün mesele çorbam, değil mi?"
"d3.obs.ebru.007","The chirps are gone. And it's still there. Clean. Patient. In beam two.","Cırlamalar kesildi. Ama o hâlâ orada. Temiz. Sabırlı. Huzme 2'de."
"d3.obs.ebru.008","Did you just acquit the microwave?","Az önce mikrodalgayı akladın mı yoksa?"
"d3.obs.hoca.001","Point away — gone. Point back — there. Mid-syllable. As if it hadn't noticed us leave.","Uzağa çevir — kayboluyor. Geri çevir — yine orada. Hecenin tam ortasında. Sanki gittiğimizi fark etmemiş gibi."
"d3.obs.hoca.002","Show me the match times.","Eşleşme saatlerini göster."
"d3.obs.hoca.003","The break room.","Mola odası."
"d3.obs.hoca.004","Opening the door before the timer ends. It spits a chirp across the whole band, Ebru. Every lunch.","Kapıyı süre bitmeden açmak. Bütün bandı bir cırlamayla dolduruyor, Ebru. Her öğlen."
"d3.obs.hoca.005","Metin. It's a microwave, not a mine.","Metin. O bir mikrodalga, mayın değil."
"d3.obs.hoca.006","You're free to go.","Serbestsin."
"d3.obs.hoca.007","It survived every test that killed every candidate before it. Every one, Ebru.","Ondan önceki her adayı öldüren her testten sağ çıktı. Hepsinden, Ebru."
"d3.obs.hoca.008","Once I send this, it isn't mine anymore. It becomes weather. Everyone's weather.","Bunu gönderdiğim an artık benim değil. Hava durumuna dönüşüyor. Herkesin hava durumuna."
"d3.obs.hoca.009","Sent. There. Now we find out whose sky it is.","Gönderildi. İşte. Şimdi kimin göğü olduğunu öğreneceğiz."
"d3.obs.hoca.010","Morning eyes. A request like this deserves morning eyes.","Sabah gözleri. Böyle bir talep sabah gözlerini hak ediyor."
"d3.obs.sys.001","CHECK 1 — DRIFT RATE.","KONTROL 1 — KAYMA ORANI."
"d3.obs.sys.002","CHECK 1: PASS.","KONTROL 1: GEÇTİ."
"d3.obs.sys.003","CHECK 2 — ON/OFF SOURCE NODDING.","KONTROL 2 — KAYNAKTAN SAPMA / KAYNAĞA YÖNELME."
"d3.obs.sys.004","CHECK 2: PASS.","KONTROL 2: GEÇTİ."
"d3.obs.sys.005","CHECK 3 — RFI DATABASE CROSS-MATCH.","KONTROL 3 — RFI VERİTABANI ÇAPRAZ EŞLEŞTİRME."
"d3.obs.sys.006","TEST DETECTION RUNNING...","TEST TESPİTİ ÇALIŞIYOR..."
"d3.obs.sys.007","RFI CHIRPS: ABSENT.","RFI CIRLAMALARI: YOK."
"d3.obs.sys.008","T1: PRESENT. BEAM 2. UNCHANGED.","T1: MEVCUT. HUZME 2. DEĞİŞMEDİ."
"d3.obs.sys.009","DRAFT — TO: MILLBROOK RADIO OBSERVATORY, WEST VIRGINIA. SUBJECT: REQUEST FOR INDEPENDENT CONFIRMATION.","TASLAK — KİME: MILLBROOK RADYO GÖZLEMEVİ, BATI VIRGINIA. KONU: BAĞIMSIZ DOĞRULAMA TALEBİ."
"d3.obs.sys.010","SENT — 04:12. (ONE TYPO.)","GÖNDERİLDİ — 04:12. (BİR YAZIM HATASI.)"
"d3.town.cemal.001","Deniz! Tell this man about the offside. You saw it. Everyone saw it.","Deniz! Şu adama ofsaytı anlat. Sen gördün. Herkes gördü."
"d3.town.cemal.002","You're no use at all today, Hoca. Go. Feed your telescope.","Bugün hiçbir işe yaramıyorsun, Hoca. Git. Teleskobunu besle."
"d3.town.choice.001","LISTEN TO THE RADIO","RADYOYU DİNLE"
"d3.town.choice.002","MOVE ON","DEVAM ET"
"d3.town.hoca.001","Noon. The square looks... rearranged. Same stones. Wrong shadows.","Öğle vakti. Meydan sanki... yeniden düzenlenmiş. Aynı taşlar. Yanlış gölgeler."
"d3.town.hoca.002","I back the losing side, Cemal. It's a fixed policy.","Kaybeden tarafı tutarım, Cemal. Sabit bir ilkedir bu."
"d3.town.hoca.003","...This bulletin. It's yesterday's. Same news. Same stumble on 'municipality'.","...Bu bülten. Dünkünün aynısı. Aynı haberler. 'Belediye' kelimesinde aynı takılma."
"d3.town.hoca.004","Same lottery numbers. Those don't repeat. That's the entire point of them.","Aynı piyango numaraları. Onlar tekrar etmez. Bütün mesele de bu zaten."
"d3.town.hoca.005","Yesterday's numbers, on today's broadcast. ...Filed under 'later'. The file is getting thick.","Dünün sayıları, bugünkü yayında. ...'Sonraya' dosyalandı. Dosya kalınlaşıyor."
"d3.town.musa.001","Yesterday's ticket? Posted right there on the door. My monument to almost.","Dünkü bilet mi? Şurada, kapıda asılı duruyor. Ramak kala'nın anıtıyım işte."
"d4.home.hoca.001","Fourteen hundred. It's fourteen hundred hours.","On dört sıfır sıfır. Saat on dört sıfır sıfır."
"d4.home.hoca.002","The kettle is cold. The kettle is never cold.","Çaydanlık soğuk. Çaydanlık hiç soğuk olmaz."
"d4.home.hoca.003","At least one of us still treats it like paper.","En azından birimiz ona hâlâ kâğıt muamelesi yapıyor."
"d4.home.yildiz.001","Mrrr. (She is asleep on the printout and has been for some time.)","Mırrr. (Çıktının üstünde uyuyor. Bir süredir öyle.)"
"d4.obs.ebru.001","It rises for them in twenty minutes. I checked the line twice. I made the phone ring from my pocket.","Onlarda yirmi dakikaya doğuyor. Hattı iki kez kontrol ettim. Telefonu cebimden kendim çaldırdım."
"d4.obs.ebru.002","Say it again. Make her say it again.","Tekrar söyle. Ona bir daha söylet."
"d4.obs.ebru.003","It's real. Hocam. It's real, and it's ours, and it's — it's everyone's now.","Gerçek. Hocam. Gerçek — hem bizim, hem de artık herkesin."
"d4.obs.hoca.001","Sit down, Ebru. Or don't. I'm not sitting either.","Otur, Ebru. Ya da oturma. Ben de oturmuyorum zaten."
"d4.obs.hoca.002","Sarptepe.","Sarptepe."
"d4.obs.hoca.003","...","..."
"d4.obs.hoca.004","No instrument I have ever read about. Goodnight, Dr. Petrides. And — thank you.","Okuduğum hiçbir cihaz bunu yapmaz. İyi geceler, Dr. Petrides. Ve — teşekkür ederim."
"d4.obs.lena.001","Dr. Aydın. Lena Petrides, Millbrook. ...We hear it too.","Dr. Aydın. Lena Petrides, Millbrook. ...Biz de duyuyoruz."
"d4.obs.lena.002","One thing. It's only in one beam here as well. OUR beam two. Doctor — whose instrument does that?","Bir şey var. Burada da sadece tek huzmede. BİZİM beam 2'mizde. Doktor — hangi cihaz bunu yapar?"
"d4.obs.ticker.001","...BREAKING: SECOND OBSERVATORY CONFIRMS ANOMALOUS SIGNAL...","...SON DAKİKA: İKİNCİ GÖZLEMEVİNDEN ANOMALİ SİNYAL DOĞRULAMASI..."
"d4.town.choice.001","COUNT THE FLICKER","TİTREMEYİ SAY"
"d4.town.choice.002","LET IT FLICKER","BIRAK TİTRESİN"
"d4.town.elif.001","Second question. It's been days. The notebook has standards.","İkinci soru. Günler oldu. Defterin standartları var."
"d4.town.elif.002","You said the sky is full of last words. So — is anyone still saying them?","Gökyüzü son sözlerle doluymuş, demiştin. Peki — hâlâ söyleyen var mı?"
"d4.town.elif.003","You said the sky is old news. So who delivers the new news?","Gökyüzü eski habermiş, demiştin. Peki yeni haberi kim getiriyor?"
"d4.town.elif.004","I know. Answer anyway.","Biliyorum. Yine de cevap ver."
"d4.town.hoca.001","One roll and I'm already losing gracefully. As trained.","Bir atışta zaten centilmence kaybediyorum. Eğitildiğim gibi."
"d4.town.hoca.002","...You ask better questions than the people I studied with, Elif.","...Birlikte okuduğum insanlardan daha iyi sorular soruyorsun, Elif."
"d4.town.hoca.003","Eleven. Pause. Eleven. Pause. ...I counted the lamp. I'm counting lamps now.","On bir. Ara. On bir. Ara. ...Lambayı saydım. Şimdi lamba sayarım."
"d4.town.hoca.004","Everything is above us, Tarık Bey.","Her şey üstümüzde, Tarık Bey."
"d4.town.hoca.005","Dawn. I've never seen the square empty. It's honest like this. Unwatched.","Şafak. Meydanı hiç böyle boş görmemiştim. Böyleyken dürüst. İzlenmeden."
"d4.town.hoca.006","Champagne with no one, tea with Kadir. History gets the details wrong anyway.","Şampanya kimseyle değil, çay Kadir'le. Tarih zaten ayrıntıları yanlış hatırlar."
"d4.town.kadir.001","Six hours is three teas and a backgammon defeat. We'll manage you, Hoca.","Altı saat üç çay, bir de tavla yenilgisi eder. Seni idare ederiz, Hoca."
"d4.town.kadir.002","More tea. The clock has gone slow tonight. Tea helps it along.","Biraz daha çay. Saat bu gece ağırdan alıyor. Çay yardımcı olur."
"d4.town.kadir.003","Sit, Hocam. It'll keep hot. The kettle and I open when it matters.","Otur, Hocam. Sıcak kalır. İş ciddiyse çaydanlıkla ben açığız."
"d4.town.sukru.001","Sit. Actually sit this time. The board has been patient. I haven't.","Otur. Bu sefer gerçekten otur. Tahta sabretti. Ben etmedim."
"d4.town.sukru.002","Double fives. You see? Even the dice are on my side of history.","Çift beş. Gördün mü? Zarlar bile tarihin benim tarafında."
"d4.town.sys.001","MILLBROOK: SOURCE RISES FOR US IN SIX HOURS. WE WILL CALL.","MILLBROOK: KAYNAK BİZİM İÇİN ALTI SAAT SONRA DOĞACAK. ARAYACAĞIZ."
"d4.town.tarik.001","Is it above us, Hoca?","Üstümüzde mi, Hocam?"
"d4.town.ticker.001","...CONFIRMED BY SECOND SITE... IAA POST-DETECTION PROTOCOL INVOKED... RIO SCALE ASSESSED AT 4...","...İKİNCİ GÖZLEMEVİNDEN DOĞRULAMA... IAA TESPİT-SONRASI PROTOKOLÜ DEVREYE GİRDİ... RIO ÖLÇEĞİ 4 OLARAK BELİRLENDİ..."
"d5.home.choice.001","LOOK UP","YUKARI BAK"
"d5.home.choice.002","GO TO BED","YATAĞA GİT"
"d5.home.hoca.001","Taşlıca. It's pronounced — oh, what does it matter.","Taşlıca. Doğrusu şöyle söylenir — ah, ne fark eder ki."
"d5.home.hoca.002","Two of them. On Musa's roof. Photographing my dish before breakfast.","İki kişi. Musa'nın çatısında. Kahvaltıdan önce çanağımı fotoğraflıyorlar."
"d5.home.hoca.003","Yıldız. What is it. What's up there.","Yıldız. Ne var. Yukarıda ne var."
"d5.home.hoca.004","The paint has faded in the corner. Faded in a shape. That's... that's the dish. That's Kulak.","Köşede boya solmuş. Bir şekle solmuş. Bu... bu çanak. Bu Kulak."
"d5.home.hoca.005","And it has clearly been fading for years.","Ve belli ki yıllardır soluyormuş."
"d5.home.radio.001","...the signal, designated T1, detected at the Sarptepe National Observatory above the town of TASH-lidja...","...Taşlıca kasabasının üzerindeki Sarptepe Ulusal Gözlemevi'nde tespit edilen, T1 kodu verilen sinyal..."
"d5.home.radio.002","...experts urge calm while the International Academy of Astronautics convenes...","...Uluslararası Astronotik Akademisi toplanırken uzmanlar sükûnet çağrısı yapıyor..."
"d5.home.yildiz.001","Mrow. (She has opinions about the roof people.)","Miyav. (Çatı halkı hakkında fikirleri var.)"
"d5.obs.ada.001","Read it. Actually read it. It's the only law we ever passed for someone we hadn't met.","Oku. Gerçekten oku. Hiç tanımadığımız biri için çıkardığımız tek yasa bu."
"d5.obs.ada.002","Forty years of agreeing what we'd do. Undone before dinner.","Kırk yıllık mutabakat. Akşam yemeğinden önce bozuldu."
"d5.obs.ada.003","Everyone assumed the first reply would be a ceremony. It was an ambush. Ours.","Herkes ilk yanıtın bir tören olacağını sanıyordu. Bir pusuydu. Bizim pusumuz."
"d5.obs.choice.001","LISTEN","DİNLE"
"d5.obs.choice.002","LOG","KAYDET"
"d5.obs.choice.003","ANSWER","YANITLA"
"d5.obs.hoca.001","They answered it. Just like that. A reply, without asking what it was.","Yanıtladılar. Öylece. Ne olduğunu sormadan bir cevap."
"d5.obs.hoca.002","Everyone's gone. Ada at the pension. Metin home. Ebru asleep in the racks. It's me and the schedule.","Herkes gitti. Ada pansiyonda. Metin evde. Ebru raflarda uyuyor. Bir ben varım, bir de çizelge."
"d5.obs.hoca.003","Just listening. That's all this ever had to be.","Sadece dinlemek. Zaten hep bu kadar olması gerekiyordu."
"d5.obs.hoca.004","Logged. Filed. Untouched. Good night.","Kaydedildi. Dosyalandı. Dokunulmadı. İyi geceler."
"d5.obs.hoca.005","...The room is the same. The tea is the same temperature.","...Oda aynı. Çay aynı sıcaklıkta."
"d5.obs.hoca.006","Three seconds. My dish's voice. And nothing in the world admits it happened.","Üç saniye. Çanağımın sesi. Ve dünyada hiçbir şey bunun yaşandığını kabul etmiyor."
"d5.obs.sys.001","IAA DECLARATION, ARTICLE 8: NO REPLY TO A CONFIRMED SIGNAL SHALL BE SENT...","IAA BİLDİRGESİ, MADDE 8: DOĞRULANMIŞ BİR SİNYALE HİÇBİR YANIT GÖNDERİLEMEZ..."
"d5.obs.sys.002","...WITHOUT PRIOR INTERNATIONAL CONSULTATION. SIGNED, FORTY YEARS AGO, BY EVERYONE.","...ÖNCEDEN ULUSLARARASI İSTİŞARE YAPILMADAN. KIRK YIL ÖNCE, HERKES TARAFINDAN İMZALANDI."
"d5.obs.sys.003","SCHEDULE CELL OPEN. VERBS: LISTEN / LOG / ANSWER.","ÇİZELGE HÜCRESİ AÇIK. FİİLLER: DİNLE / KAYDET / YANITLA."
"d5.obs.sys.004","LOG APPENDED. CELL CLOSED.","KAYIT EKLENDİ. HÜCRE KAPANDI."
"d5.obs.sys.005","TRANSMISSION: CARRIER ONLY. 3.0 SECONDS. SOURCE: KULAK.","İLETİM: YALNIZCA TAŞIYICI. 3.0 SANİYE. KAYNAK: KULAK."
"d5.obs.ticker.001","...UNAUTHORIZED HIGH-POWER TRANSMISSION FROM STATE DEEP-SPACE FACILITY... RIO SCALE RAISED TO 7...","...DEVLETE AİT DERİN UZAY TESİSİNDEN İZİNSİZ YÜKSEK GÜÇLÜ İLETİM... RIO ÖLÇEĞİ 7'YE YÜKSELTİLDİ..."
"d5.road.choice.001","LISTEN TO THE ECHO","YANKIYI DİNLE"
"d5.road.choice.002","RIDE ON","YOLA DEVAM ET"
"d5.road.hoca.001","The echo came back early. Before the call finished. Echoes don't... lead.","Yankı erken döndü. Ezan bitmeden. Yankılar... öne geçmez."
"d5.road.ismet.001","Mountain's keen tonight.","Dağ bu gece tetikte."
"d5.town.ada.001","Dr. Aydın. Ada Reyes, IAA. SETI liaison. They send me when the Rio number gets embarrassing.","Dr. Aydın. Ada Reyes, IAA. SETI irtibat görevlisi. Rio Ölçeği utanç verici hale gelince beni gönderiyorlar."
"d5.town.ada.002","Play me everything. Don't summarize. People summarize the wrong parts.","Her şeyi çal bana. Özetleme. İnsanlar hep yanlış kısmı özetler."
"d5.town.ada.003","Good answer. The right amount of tired, too. Start at the beginning.","İyi cevap. Yorgunluğun ölçüsü de tam kıvamında. Baştan başla."
"d5.town.ada.004","...Almost everything, then. Noted. Not judged — noted.","...Neredeyse her şey demek ki. Not edildi. Yargılanmadı — sadece not edildi."
"d5.town.ada.005","There. That one — hear the lift at the start? Dawn song. It does that coming over your horizon.","İşte. Şu — başındaki yükselişi duyuyor musun? Şafak şarkısı. Ufkunun üzerinden gelirken hep böyle yapıyor."
"d5.town.ada.006","That one's a contact call. Short, spaced, waiting. Birds do it when they've lost the flock.","O bir temas çağrısı. Kısa, aralıklı, bekleyen. Kuşlar sürüyü kaybettiklerinde böyle yapar."
"d5.town.ada.007","And that — that's the one I don't like. A mimic phrase. And underneath it, the counting song.","Ve şu — işte hoşuma gitmeyen o. Bir taklit ifadesi. Altında da sayma şarkısı."
"d5.town.ada.008","Taxonomy is how I stay calm, Doctor. Unknown call. Warm-blooded. Overcaffeinated. See? Calmer already.","Taksonomi sakin kalma yöntemim, Doktor. Bilinmeyen çağrı. Sıcakkanlı. Fazla kafeinli. Gördün mü? Şimdiden sakinleştim."
"d5.town.choice.001","PLAY EVERYTHING","HER ŞEYİ ÇAL"
"d5.town.choice.002","KEEP ONE BACK","BİRİNİ SAKLA"
"d5.town.havva.001","The TV people asked for the road to the observatory. I sent them to the trout farm.","TV'ciler gözlemevine giden yolu sordu. Ben de alabalık çiftliğine yolladım."
"d5.town.havva.002","It's a lovely drive. Great skill, zero shame. Go — they'll circle back by noon.","Güzel bir yoldur. Ustalık bu — hiç utanmadan. Gitsinler, öğleye kalmaz dönüp gelirler."
"d5.town.hoca.001","Havva. That's an hour the wrong way.","Havva. Ters yönde bir saatlik yol o."
"d5.town.hoca.002","Everything is eight days of tape, Dr. Reyes.","Her şey sekiz günlük bant demek, Dr. Reyes."
"d5.town.hoca.003","Everything essential, then. Some of it is... mine, still. For now.","Öyleyse gerekli olan her şey. Bir kısmı hâlâ... benim. Şimdilik."
"d5.town.hoca.004","You talk about it like it's alive in a hedge somewhere.","Ondan bahsederken sanki bir çalılıkta yaşıyormuş gibi konuşuyorsun."
"d6.home.hoca.001","One-thirty. No point pretending the ceiling is interesting.","Bir buçuk. Tavanın ilginç olduğuna inanır gibi yapmanın anlamı yok."
"d6.home.hoca.002","Breakfast is early, deputy. Guard the house.","Kahvaltı erken, muavin. Evi kolla."
"d6.home.yildiz.001","Mrr. (She watches him dress. She does not ask him to stay. Cats don't.)","Mrr. (Giyinmesini izler. Kalmasını istemez. Kediler istemez.)"
"d6.obs.choice.001","REACH FOR THE ERASER","SİLGİYE UZAN"
"d6.obs.choice.002","DON'T","YAPMA"
"d6.obs.ebru.001","In kilometers that's... ha. Look at me. ...Ninety-nine million. Circle it. CIRCLE it.","Kilometreye çevirince... ha. Bana bak. ...Doksan dokuz milyon. Daire içine al. DAİRE içine al."
"d6.obs.ebru.002","Then a ship can — Hocam. A crew could reach it. That's not fiction. That's a delta-v budget.","O zaman bir gemi — Hocam. Bir mürettebat oraya ulaşabilir. Bu kurgu değil. Bu bir delta-v bütçesi."
"d6.obs.ebru.003","It's four in the morning and I'm eating lokum at a whiteboard that just changed the species.","Saat gecenin dördü, ben de az önce türü değiştiren bir yazı tahtasının karşısında lokum yiyorum."
"d6.obs.ebru.004","Don't look at me. The dance happens or I start crying. Those are the options.","Bana bakma. Ya dans olur ya ben ağlamaya başlarım. Seçenekler bunlar."
"d6.obs.ebru.005","Round trip at that range is eight hours sixteen minutes. Against: eleven minutes. Hocam. Against ELEVEN.","O menzilde gidiş dönüş sekiz saat on altı dakika. Buna karşı: on bir dakika. Hocam. ON BİRE karşı."
"d6.obs.ebru.006","Put it down, Hocam. It stays. Both of them stay.","Bırak onu, Hocam. Kalıyor. İkisi de kalıyor."
"d6.obs.ebru.007","Nobody touches that board. I'll sleep in front of it if I have to.","O tahtaya kimse dokunmuyor. Gerekirse önünde uyurum."
"d6.obs.hoca.001","There it goes. Somebody's answer, on everybody's behalf.","İşte gitti. Birinin cevabı, herkes adına."
"d6.obs.hoca.002","Eleven minutes. It waited eleven minutes and — this isn't the pattern. This is long. Dense. Addressed.","On bir dakika. On bir dakika bekledi ve — bu o örüntü değil. Bu uzun. Yoğun. Adresli."
"d6.obs.hoca.003","Hands. Work. Record first, shake later.","Eller. İş. Önce kaydet, sonra titre."
"d6.obs.hoca.004","Then the language has a postcode, Lena.","O zaman bu dilin bir posta kodu var, Lena."
"d6.obs.hoca.005","Reply out at 02:13. Answer in at 02:24. Eleven minutes, round trip. Light goes both ways. So.","Giden cevap: 02:13. Gelen yanıt: 02:24. On bir dakika, gidiş-dönüş. Işık iki yönde de gider. Yani."
"d6.obs.hoca.006","That's inside the orbit of Mars.","Bu, Mars'ın yörüngesinin içinde."
"d6.obs.hoca.007","It's not light-years away. It's HERE. Inside the system.","Işık yılları uzakta değil. BURADA. Sistemin içinde."
"d6.obs.hoca.008","Chew faster. We write this up before I stop believing it.","Daha hızlı çiğne. Buna inanmaktan vazgeçmeden yazıya dökelim."
"d6.obs.hoca.009","Dance ratified. Proceed.","Dans onaylandı. Devam."
"d6.obs.hoca.010","Twenty-nine point eight astronomical units. Four light-hours out. Neptune's doorstep. ...Wait.","Yirmi dokuz virgül sekiz astronomik birim. Dört ışık saati uzaklıkta. Neptün'ün eşiği. ...Dur."
"d6.obs.hoca.011","Then we do the arithmetic nobody wants. Departure time of the reply. Write it like we mean it.","O zaman kimsenin istemediği hesabı yaparız. Cevabın çıkış saatini. Ciddiysek öyle yazalım."
"d6.obs.hoca.012","The reply left the Object three hours and fifty-seven minutes BEFORE the question was transmitted.","Cevap, Nesne'den soru gönderilmeden üç saat elli yedi dakika ÖNCE ayrıldı."
"d6.obs.hoca.013","Either the physics is wrong, or it answered before it was asked.","Ya fizik yanlış, ya da soru sorulmadan önce cevaplandı."
"d6.obs.hoca.014","...I actually reached. Look at me. A scientist.","...Gerçekten de uzandım. Şuna bak. Bir bilim insanı."
"d6.obs.hoca.015","Neither number comes off. We just learn to stand in the room with them.","İkisi de silinmiyor. Sadece onlarla aynı odada durmayı öğreniyoruz."
"d6.obs.lena.001","Millbrook has it too. Full structure, full duration. But Deniz — here, it's noise. Structured noise.","Millbrook'ta da var. Tam yapı, tam süre. Ama Deniz — bizde gürültü bu. Yapılı gürültü."
"d6.obs.lena.002","It's only language on yours.","Dil hâline gelmesi sadece sizinkinde."
"d6.obs.metin.001","Erase one. Whichever lets you sleep.","Birini sil. Hangisi uyutursa."
"d6.obs.sys.001","02:13 — WIRE REBROADCAST: STATE FACILITY REPLY TRANSMITTED.","02:13 — AJANS TEKRARI: DEVLET TESİSİ YANITI İLETİLDİ."
"d6.obs.sys.002","02:24.","02:24."
"d6.obs.sys.003","RECORDING. DURATION: 11:00.","KAYIT. SÜRE: 11:00."
"d6.obs.sys.004","d ≤ c·t/2 = 5.5 LIGHT-MINUTES.","d ≤ c·t/2 = 5.5 IŞIK-DAKİKA."
"d6.obs.sys.005","GLOBAL VLBI NETWORK — BASELINE SOLUTIONS CONVERGING...","KÜRESEL VLBI AĞI — TABAN ÇÖZÜMLERİ YAKINSIYOR..."
"d6.obs.sys.006","FAX RECEIVING... LINE 12 OF 40... LINE 13...","FAKS ALINIYOR... SATIR 12/40... SATIR 13..."
"d6.obs.sys.007","SOLUTION: DARK OBJECT. INBOUND. HYPERBOLIC. RANGE: 29.8 AU.","ÇÖZÜM: KARANLIK NESNE. YAKLAŞIYOR. HİPERBOLİK. MENZİL: 29.8 AU."
"d6.obs.ticker.001","...OBJECT DESIGNATED... PRESS ADOPTS LOCAL NAME 'KUYU' — 'THE WELL' — A HOLE IN THE SKY, FALLING TOWARD US...","...NESNE ADLANDIRILDI... BASIN YEREL ADI BENİMSEDİ: 'KUYU'... GÖKYÜZÜNDE BİR DELİK, ÜZERİMİZE DÜŞÜYOR..."
"d6.town.choice.001","TELL THE TRUTH","GERÇEĞİ SÖYLE"
"d6.town.choice.002","DEFLECT","GEÇİŞTİR"
"d6.town.choice.003","STOP BY THE BARBER","BERBERE UĞRA"
"d6.town.choice.004","PASS","GEÇ"
"d6.town.choice.005","WALK DEĞİRMEN STREET","DEĞİRMEN SOKAK'TA YÜRÜ"
"d6.town.choice.006","HEAD BACK UP","YUKARI DÖN"
"d6.town.elif.001","It's not getting my notebook wet, Hoca. I checked. It's not getting anything wet.","Defterimi ıslatmıyor, Hoca. Baktım. Hiçbir şeyi ıslatmıyor."
"d6.town.hoca.001","Close like winter, Şükrü Bey. It's coming to us. We'd have to go out to meet it.","Kış gibi yakın, Şükrü Bey. O bize geliyor. Onu karşılamaya çıkmamız gerekir."
"d6.town.hoca.002","Close like the mountain. It just stands there. Looking impressive.","Dağ gibi yakın. Sadece orada duruyor. Etkileyici görünerek."
"d6.town.hoca.003","Blank, not broken. There's a phrase that's going to follow us around.","Boş, bozuk değil. Peşimizi bırakmayacak bir laf bu."
"d6.town.hoca.004","The calendar in the mirror... that's tomorrow's date. In the glass. Only in the glass.","Aynadaki takvim... o, yarının tarihi. Camda. Sadece camda."
"d6.town.hoca.005","Rain. From a clear sky. On this street and no other. And the puddles — the puddles don't ripple.","Yağmur. Açık bir gökyüzünden. Sadece bu sokakta, başka hiçbir yerde değil. Ve su birikintileri — su birikintileri dalgalanmıyor."
"d6.town.hoca.006","Go home, Elif. ...And write it down first.","Eve git, Elif. ...Ama önce yaz."
"d6.town.hoca.007","I'll sleep at the observatory tonight. The town looks better from above lately. That should worry me more than it does.","Bu gece gözlemevinde uyuyacağım. Kasaba son zamanlarda yukarıdan daha iyi görünüyor. Bu, beni olduğundan daha çok endişelendirmeli."
"d6.town.husnu.001","Sit. The window's better light anyway. The mirror and I aren't speaking.","Otur. Zaten ışık pencereden daha güzel vuruyor. Aynayla aramız bozuk."
"d6.town.sukru.001","They're saying it's close. Close like the mountain, or close like winter?","Yakın olduğunu söylüyorlar. Dağ gibi mi yakın, kış gibi mi?"
"d6.town.sukru.002","...Then we do what we do for winter. Stack wood. Keep the stove lit. Sit closer.","...O zaman kış için ne yapıyorsak onu yaparız. Odun istifleriz. Sobayı yanık tutarız. Sokulup otururuz."
"d6.town.sukru.003","Hm. The mountain, we know. You'd tell me if it were winter. ...You'd tell me.","Hm. Dağı biliriz. Kış olsa söylerdin bana. ...Söylerdin bana."
"d6.town.ticker.001","...OFFICIALS: OBJECT IS NEAR, REACHABLE; INTERCEPT FEASIBILITY STUDY ORDERED...","...YETKİLİLER: NESNE YAKIN VE ULAŞILABİLİR; YAKALAMA FİZİBİLİTE ÇALIŞMASI EMREDİLDİ..."
"d6.town.ticker.002","...RIO SCALE RAISED TO 8...","...RIO ÖLÇEĞİ 8'E YÜKSELTİLDİ..."
"d6.town.ticker.003","...KUIPER PROBE RETASKED FOR EARLY FLYBY HAS GONE SILENT... ENGINEERS: ELECTRONICS 'BLANK, NOT BROKEN'...","...ERKEN YAKIN GEÇİŞ İÇİN GÖREVİ DEĞİŞTİRİLEN KUIPER SONDASI SESSİZLİĞE GÖMÜLDÜ... MÜHENDİSLER: ELEKTRONİK 'BOŞ, BOZUK DEĞİL'..."
"d7.home.hoca.001","Test day. Five stations, one sky, sealed envelopes.","Sınav günü. Beş istasyon, tek gökyüzü, mühürlü zarflar."
"d7.home.hoca.002","If the correlation breaks today, I'm a man with a strange dish and a stack of paper.","Korelasyon bugün bozulursa, tuhaf bir çanağı ve bir tomar kâğıdı olan bir adamım."
"d7.home.hoca.003","If it doesn't break... don't wait up, deputy.","Bozulmazsa... beni bekleme, vekil."
"d7.home.yildiz.001","Mrrp.","Mırrp."
"d7.launch.ada.001","One known face is statistically sufficient, Doctor. Field note: six heartbeats, one signal.","Bilinen tek bir yüz istatistiksel olarak yeterli, Doktor. Saha notu: altı kalp atışı, tek sinyal."
"d7.launch.hoca.001","Ground log, final entry. This is Deniz Aydın, Sarptepe. The flowers are watered.","Yer kaydı, son giriş. Ben Deniz Aydın, Sarptepe. Çiçekler sulandı."
"d7.launch.hoca.002","Still receiving.","Hâlâ alıyorum."
"d7.launch.sys.001","T-MINUS FOUR MINUTES. CHECKLISTS RUNNING IN THREE LANGUAGES.","T EKSİ DÖRT DAKİKA. KONTROL LİSTELERİ ÜÇ DİLDE ÇALIŞIYOR."
"d7.launch.sys.002","GUIDANCE: GREEN. RECEIVER: ABOARD.","GÜDÜM: YEŞİL. ALICI: GEMİDE."
"d7.launch.ticker.001","...LIVE: ORPHEUS LAUNCH... A TOWN OF EIGHT HUNDRED WATCHES ONE OF ITS OWN LEAVE THE PLANET...","...CANLI: ORPHEUS FIRLATMASI... SEKİZ YÜZ KİŞİLİK BİR KASABA, KENDİ EVLADININ GEZEGENİ TERK EDİŞİNİ İZLİYOR..."
"d7.launch.voss.001","Synchronize.","Senkronize et."
"d7.obs.ada.001","Five stations. Randomized double-blind schedule. Metin holds the envelope and even he doesn't know. We do this cruelly or not at all.","Beş istasyon. Rastgele sıralanmış çift kör program. Zarfı Metin tutuyor, o bile bilmiyor. Ya acımasızca yaparız ya hiç yapmayız."
"d7.obs.ada.002","Cruel test one: Deniz drives Millbrook's feed by remote. If it's the man, it follows the man.","Acımasız test bir: Deniz, Millbrook'un beslemesini uzaktan kumanda ediyor. Eğer o adamsa, adamı izler."
"d7.obs.ada.003","Correlation persists. Test thirty-one of thirty-one. (click)","Korelasyon devam ediyor. Otuz bir testin otuz biri. (tık)"
"d7.obs.ada.004","Every protocol we have assumed the message would be old, distant, and indifferent. This one is none of those.","Elimizdeki her protokol, mesajın eski, uzak ve kayıtsız olacağını varsaymış. Bu, bunların hiçbiri değil."
"d7.obs.ada.005","One probe silent already. Its sister will follow — I'd put money on it, and I hate money.","Bir sonda çoktan sessiz. Kardeşi de onu izleyecek — buna para yatırırım, oysa paradan nefret ederim."
"d7.obs.ada.006","And the other launch happens whether we like it or not. Kuyu grants exactly one window at perihelion. One.","Ve diğer fırlatma, istesek de istemesek de gerçekleşiyor. Kuyu, günberinde tam olarak bir pencere veriyor. Bir."
"d7.obs.ada.007","The instrument is the man, Deniz. I've read my own taxonomy. I know what I'm asking.","Aygıt, adamın ta kendisi, Deniz. Kendi taksonomimi okudum. Ne istediğimi biliyorum."
"d7.obs.ada.008","...Thank you. I'll tell them. The room heard your silence as a yes. Rooms do that.","...Teşekkür ederim. Onlara söylerim. Oda, sessizliğini evet olarak duydu. Odalar bunu yapar."
"d7.obs.choice.001","SAY YES","EVET DE"
"d7.obs.choice.002","SAY NOTHING","HİÇBİR ŞEY SÖYLEME"
"d7.obs.ebru.001","Every pass. It's every pass, Hocam. Thirty runs and the pattern hasn't blinked once.","Her geçişte. Her geçişte, Hocam. Otuz deneme oldu, örüntü bir kez bile göz kırpmadı."
"d7.obs.ebru.002","It's not you at a desk. It's your dish. It is YOUR dish.","Masadaki sen değilsin. Çanağın. SENİN çanağın."
"d7.obs.hoca.001","It knows which dish is yours.","Hangi çanağın senin olduğunu biliyor."
"d7.obs.hoca.002","The same whiteboard. Of course it's the same whiteboard.","Aynı yazı tahtası. Elbette aynı yazı tahtası."
"d7.obs.hoca.003","(You answered it once. Three seconds, carrier only. Whatever is up there — you are not a stranger to it.)","(Ona bir kez cevap verdin. Üç saniye, sadece taşıyıcı dalga. Yukarıda her ne varsa — sen ona yabancı değilsin.)"
"d7.obs.hoca.004","(You never answered it. Not once. And it still learned your dish by heart.)","(Ona hiç cevap vermedin. Bir kez bile. Yine de çanağını ezbere öğrendi.)"
"d7.obs.hoca.005","Yes. ...Someone has to be the receiver. It picked. Long ago, I think.","Evet. ...Biri alıcı olmak zorunda. O seçti. Çok uzun zaman önce, sanırım."
"d7.obs.sys.001","BLIND SCHEDULE SEALED. PASS SEQUENCE UNKNOWN TO ALL PARTIES.","KÖR PROGRAM MÜHÜRLENDİ. GEÇİŞ SIRASI HİÇBİR TARAFÇA BİLİNMİYOR."
"d7.obs.sys.002","PASS 1 — MILLBROOK: STRUCTURED NOISE.","GEÇİŞ 1 — MILLBROOK: YAPILANDIRILMIŞ GÜRÜLTÜ."
"d7.obs.sys.003","PASS 2 — HARTEBEESTHOEK: NOISE.","GEÇİŞ 2 — HARTEBEESTHOEK: GÜRÜLTÜ."
"d7.obs.sys.004","PASS 3 — KULAK: LANGUAGE.","GEÇİŞ 3 — KULAK: DİL."
"d7.obs.sys.005","DENİZ @ MILLBROOK (REMOTE): NOISE.","DENİZ @ MILLBROOK (UZAKTAN): GÜRÜLTÜ."
"d7.obs.sys.006","EBRU @ KULAK CONSOLE: LANGUAGE.","EBRU @ KULAK KONSOLU: DİL."
"d7.obs.sys.007","SLIDE: MARS OPERATIONS PRECEDENT — A REACTIVE SOURCE CANNOT BE WORKED AT HOURS OF ROUND-TRIP LATENCY. JUDGMENT MUST BE ON SITE.","SLAYT: MARS OPERASYONLARI EMSALİ — TEPKİSEL BİR KAYNAK, SAATLERCE SÜREN GİDİŞ-DÖNÜŞ GECİKMESİYLE ÇALIŞILAMAZ. KARAR YERİNDE VERİLMELİDİR."
"d7.obs.tezcan.001","Then it is decided in this room, with every corner we cut listed on the board where all can see it. If we do this, we do it awake.","O zaman bu odada karar verilir, kestiğimiz her köşe herkesin görebileceği şekilde tahtaya yazılır. Bunu yapacaksak, gözü açık yaparız."
"d7.obs.ticker.001","...CREW ANNOUNCED FOR INTERCEPT MISSION 'ORPHEUS'... SUIT FITTINGS BEGIN...","...'ORPHEUS' YAKALAMA GÖREVİ İÇİN MÜRETTEBAT AÇIKLANDI... SKAFANDR PROVALARI BAŞLADI..."
"d7.obs.ticker.002","...SARPTEPE: DOCTORAL RESEARCHER EBRU NAMED INTERIM SCIENCE LEAD...","...SARPTEPE: DOKTORA ARAŞTIRMACISI EBRU, GEÇİCİ BİLİM SORUMLUSU OLARAK ATANDI..."
"d7.obs.ticker.003","...SECOND PROBE LOST ON APPROACH... 'BLANK, NOT BROKEN' — THE PHRASE, AGAIN...","...İKİNCİ SONDA YAKLAŞIRKEN KAYBEDİLDİ... 'BOŞ, BOZUK DEĞİL' — YİNE AYNI İFADE..."
"d7.sendoff.ayse.001","They'll have doctors up there. Be exactly this much braver than you were about the tetanus shot.","Yukarıda doktorları olur. Tetanos iğnesinde olduğun kadar cesur ol, o kadarı yeter."
"d7.sendoff.cemal.001","Up there, if there's a match — you know the rule. Losing side, Hoca. Losing side.","Yukarıda maç olursa — kuralı bilirsin. Kaybeden taraf, Hoca. Kaybeden taraf."
"d7.sendoff.choice.001","PROMISE","SÖZ VER"
"d7.sendoff.choice.002","SAY NOTHING","HİÇBİR ŞEY SÖYLEME"
"d7.sendoff.elif.001","First page. Your answer, my handwriting: 'The sky is full of last words, still arriving.'","İlk sayfa. Senin cevabın, benim el yazım: 'Gökyüzü son sözlerle dolu, hâlâ geliyor.'"
"d7.sendoff.elif.002","First page. Your answer, my handwriting: 'Tonight's sky is old news. All of it.'","İlk sayfa. Senin cevabın, benim el yazım: 'Bu geceki gökyüzü eski haber. Tamamı.'"
"d7.sendoff.elif.003","Take it. So you don't contradict yourself up there. The notebook will be checking.","Al bunu. Yukarıda kendinle çelişme diye. Defter kontrol edecek."
"d7.sendoff.fadime.001","The end-piece. Wrapped for a journey. It keeps three days. Come back hungry.","Ucu. Yola sarıldı. Üç gün dayanır. Aç dön."
"d7.sendoff.ferit.001","Double or nothing on the Mars bet: come back and tell me what it was. IN PERSON. Those are the terms.","Mars bahsinde iki katı ya da hiç: dön, ne olduğunu anlat bana. YÜZ YÜZE. Şartlar bunlar."
"d7.sendoff.havva.001","A blank envelope. Stamped. Address it from up there. I deliver everything. Everything.","Boş bir zarf. Pullu. Yukarıdan adresle. Ben her şeyi teslim ederim. Her şeyi."
"d7.sendoff.hoca.001","A precise, silent haircut. And at the end, he turns the chair away from the mirror. ...Thank you, Hüsnü.","Tam, sessiz bir tıraş. Sonunda sandalyeyi aynadan çeviriyor. ...Teşekkürler, Hüsnü."
"d7.sendoff.hoca.002","I'll be back before they notice, Saniye Teyze. I promise. Keep the deputy fat.","Fark ettirmeden dönerim, Saniye Teyze. Söz veriyorum. Vekili şişman tut."
"d7.sendoff.hoca.003","First time I've ever seen the front seat empty. It's the loudest seat on the bus.","Ön koltuğu ilk kez boş görüyorum. Otobüsün en gürültülü koltuğu bu."
"d7.sendoff.hoca.004","Kulak just tipped. Two degrees. ...Metin. The closest thing to a wave a thirty-two-meter instrument can do.","Kulak az önce eğildi. İki derece. ...Metin. Otuz iki metrelik bir aletten çıkabilecek en yakın el sallama bu."
"d7.sendoff.ismet.001","Letters ride up front — the whole town's in the shoebox. You're in the back today, Hoca. Guests of honor ride behind.","Mektuplar önde gider — koca kasaba şu ayakkabı kutusunda. Bugün senin yerin arkada, Hoca. Onur konukları arkada oturur."
"d7.sendoff.kadir.001","(He pours the second glass anyway, and covers it with the saucer.) It'll wait.","(Yine de ikinci bardağı doldurur, tabakla örter.) Bekler."
"d7.sendoff.musa.001","Lentils, cat food — and I've forgotten how to charge you today. Take it. The small tin is for the deputy.","Mercimek, kedi maması — bugün senden para almayı unuttum işte. Al. Küçük teneke vekile."
"d7.sendoff.nurten.001","A full bottle. There are no pharmacies where you're going. There is definitely screen strain.","Dolu bir şişe. Gittiğin yerde eczane yok. Ekran yorgunluğu kesin var."
"d7.sendoff.osman.001","Copper wire. For luck. Ground yourself to something, Deniz Bey.","Bakır tel. Uğur için. Bir şeye topraklan, Deniz Bey."
"d7.sendoff.saniye.001","Come here. Off the road. Some things aren't for the cameras — and this is the whole of it.","Gel buraya. Yoldan çekil. Bazı şeyler kameraya girmez — bu da baştan sona öyle."
"d7.sendoff.saniye.002","The key. Don't leave the flowers without water. You'll be back before they notice.","Anahtar. Çiçekleri susuz bırakma. Fark etmeden dönersin."
"d7.sendoff.sukru.001","Sit. One last game. ...No. No game. I concede. Consider it your birthday.","Otur. Son bir oyun. ...Yok. Oyun yok. Pes ediyorum. Doğum günün say."
"d7.sendoff.sukru.002","You told me it was winter, and you didn't dress it up. The stove is lit whenever you're back, Deniz.","Kış dedin bana, süslemeden dedin. Soba, ne zaman dönersen o zaman yanar, Deniz."
"d7.sendoff.sukru.003","You never did tell me which it was. Mountain or winter. Fine. Tell me when you're back. In person.","Hangisi olduğunu hiç söylemedin. Dağ mı, kış mı. Neyse. Dönünce söylersin. Yüz yüze."
"d7.sendoff.tarik.001","Taşlıca has sent its sons to the army, to Germany, to the sea. Never higher. You go with all of it, Deniz Aydın.","Taşlıca askere, Almanya'ya, denize evlat gönderdi hep. Hiç bu kadar yükseğe değil. Hepsiyle gidiyorsun, Deniz Aydın."
"d7.sendoff.tarik.002","Your father listened downward, to us. Someone had to do the other direction eventually.","Baban aşağıya, bize kulak verdi. Öbür yönü er geç biri yapacaktı."
"d7.sendoff.veli.001","The flock faces the mountain some nights now. I don't correct them. You'll see why before I do.","Sürü bazı geceler dağa dönüyor artık. Düzeltmiyorum onları. Nedenini benden önce sen göreceksin."
"d7.sendoff.zeliha.001","Lokum for the crew. The label has all six names — I checked the spelling twice. Sweetness is logistics.","Mürettebata lokum. Etikette altı isim de var — yazımını iki kere kontrol ettim. Tatlılık da lojistiktir."
"d7.town.choice.001","WATCH THE DOGS","KÖPEKLERİ İZLE"
"d7.town.choice.002","LOOK AWAY","GÖZÜNÜ KAÇIR"
"d7.town.hoca.001","Ten seconds. Facing the observatory. Silent. Then done — and somehow you know it is done forever.","On saniye. Gözlemevine dönük. Sessiz. Sonra biter — ve nedense, sonsuza dek bittiğini bilirsin."
"d7.town.veli.001","Hoca. Look at the dogs. Every dog in town. Same moment. Same direction.","Hoca. Köpeklere bak. Kasabadaki bütün köpekler. Aynı an. Aynı yön."
